Workbook

Sheet Semester Data
A1: semester | B1: start_date | C1: end_date | D1: students | E1: kwh | F1: cost_rm | G1: sheets | H1: kwh_status | I1: sheets_status | J1: notes
A2: Semester 1, 2024/2025 | B2: 45536 | C2: 45716 | D2: =VLOOKUP(A2,Headcount!$A:$B,2,FALSE()) -> 1150 | E2: =ROUND(SUMIFS('Raw - Electricity'!$B:$B,'Raw - Electricity'!$A:$A,">="&B2,'Raw - Electricity'!$A:$A,"<="&C2)/D2,1) -> 47.2 | F2: =ROUND(SUMIFS('Raw - Electricity'!$D:$D,'Raw - Electricity'!$A:$A,">="&B2,'Raw - Electricity'!$A:$A,"<="&C2)/D2,2) -> 21.1 | G2: =ROUND(SUMIFS('Raw - Paper'!$F:$F,'Raw - Paper'!$B:$B,A2)/D2,1) -> 36 | H2: =IF(E2>Targets!$B$2,"⚠ Over target","✅ On track") -> ⚠ Over target | I2: =IF(G2>Targets!$B$3,"⚠ Over target","✅ On track") -> ⚠ Over target | J2: Baseline period — first full semester of tracking
A3: Semester 2, 2024/2025 | B3: 45717 | C3: 45900 | D3: =VLOOKUP(A3,Headcount!$A:$B,2,FALSE()) -> 1190 | E3: =ROUND(SUMIFS('Raw - Electricity'!$B:$B,'Raw - Electricity'!$A:$A,">="&B3,'Raw - Electricity'!$A:$A,"<="&C3)/D3,1) -> 60.1 | F3: =ROUND(SUMIFS('Raw - Electricity'!$D:$D,'Raw - Electricity'!$A:$A,">="&B3,'Raw - Electricity'!$A:$A,"<="&C3)/D3,2) -> 27.19 | G3: =ROUND(SUMIFS('Raw - Paper'!$F:$F,'Raw - Paper'!$B:$B,A3)/D3,1) -> 40 | H3: =IF(E3>Targets!$B$2,"⚠ Over target","✅ On track") -> ⚠ Over target | I3: =IF(G3>Targets!$B$3,"⚠ Over target","✅ On track") -> ⚠ Over target | J3: Hot-season months drove higher AC load
A4: Semester 1, 2025/2026 | B4: 45901 | C4: 46081 | D4: =VLOOKUP(A4,Headcount!$A:$B,2,FALSE()) -> 1230 | E4: =ROUND(SUMIFS('Raw - Electricity'!$B:$B,'Raw - Electricity'!$A:$A,">="&B4,'Raw - Electricity'!$A:$A,"<="&C4)/D4,1) -> 54.4 | F4: =ROUND(SUMIFS('Raw - Electricity'!$D:$D,'Raw - Electricity'!$A:$A,">="&B4,'Raw - Electricity'!$A:$A,"<="&C4)/D4,2) -> 24.92 | G4: =ROUND(SUMIFS('Raw - Paper'!$F:$F,'Raw - Paper'!$B:$B,A4)/D4,1) -> 44 | H4: =IF(E4>Targets!$B$2,"⚠ Over target","✅ On track") -> ⚠ Over target | I4: =IF(G4>Targets!$B$3,"⚠ Over target","✅ On track") -> ⚠ Over target | J4: New instrumentation lab equipment commissioned mid-semester
A5: Semester 2, 2025/2026 | B5: 46082 | C5: 46265 | D5: =VLOOKUP(A5,Headcount!$A:$B,2,FALSE()) -> 1270 | E5: =ROUND(SUMIFS('Raw - Electricity'!$B:$B,'Raw - Electricity'!$A:$A,">="&B5,'Raw - Electricity'!$A:$A,"<="&C5)/D5,1) -> 68.6 | F5: =ROUND(SUMIFS('Raw - Electricity'!$D:$D,'Raw - Electricity'!$A:$A,">="&B5,'Raw - Electricity'!$A:$A,"<="&C5)/D5,2) -> 31.78 | G5: =ROUND(SUMIFS('Raw - Paper'!$F:$F,'Raw - Paper'!$B:$B,A5)/D5,1) -> 48 | H5: =IF(E5>Targets!$B$2,"⚠ Over target","✅ On track") -> ⚠ Over target | I5: =IF(G5>Targets!$B$3,"⚠ Over target","✅ On track") -> ⚠ Over target | J5: Consecutive hot-season semester — highest usage on record

Sheet Raw - Electricity
A1: Month | B1: Total_kWh_Campus | C1: Rate_RM_per_kWh | D1: Cost_RM | E1: TNB_Account | F1: Notes
A2: 45536 | B2: 9290 | C2: 0.445 | D2: =ROUND(B2*C2,2) -> 4134.05 | E2: TNB-KPJU-MAIN-01
A3: 45566 | B3: 8990 | C3: 0.4459 | D3: =ROUND(B3*C3,2) -> 4008.64 | E3: TNB-KPJU-MAIN-01
A4: 45597 | B4: 8600 | C4: 0.4468 | D4: =ROUND(B4*C4,2) -> 3842.48 | E4: TNB-KPJU-MAIN-01 | F4: Monsoon season — lower AC load
A5: 45627 | B5: 8310 | C5: 0.4477 | D5: =ROUND(B5*C5,2) -> 3720.39 | E5: TNB-KPJU-MAIN-01 | F5: Monsoon season — lower AC load
A6: 45658 | B6: 8800 | C6: 0.4486 | D6: =ROUND(B6*C6,2) -> 3947.68 | E6: TNB-KPJU-MAIN-01 | F6: Monsoon season — lower AC load
A7: 45689 | B7: 10260 | C7: 0.4495 | D7: =ROUND(B7*C7,2) -> 4611.87 | E7: TNB-KPJU-MAIN-01
A8: 45717 | B8: 12590 | C8: 0.4504 | D8: =ROUND(B8*C8,2) -> 5670.54 | E8: TNB-KPJU-MAIN-01 | F8: Hot season — AC load elevated
A9: 45748 | B9: 12920 | C9: 0.4513 | D9: =ROUND(B9*C9,2) -> 5830.8 | E9: TNB-KPJU-MAIN-01 | F9: Hot season — AC load elevated
A10: 45778 | B10: 12590 | C10: 0.4522 | D10: =ROUND(B10*C10,2) -> 5693.2 | E10: TNB-KPJU-MAIN-01 | F10: Hot season — AC load elevated
A11: 45809 | B11: 11500 | C11: 0.4531 | D11: =ROUND(B11*C11,2) -> 5210.65 | E11: TNB-KPJU-MAIN-01
A12: 45839 | B12: 10950 | C12: 0.454 | D12: =ROUND(B12*C12,2) -> 4971.3 | E12: TNB-KPJU-MAIN-01
A13: 45870 | B13: 10950 | C13: 0.4549 | D13: =ROUND(B13*C13,2) -> 4981.16 | E13: TNB-KPJU-MAIN-01
A14: 45901 | B14: 11450 | C14: 0.4558 | D14: =ROUND(B14*C14,2) -> 5218.91 | E14: TNB-KPJU-MAIN-01
A15: 45931 | B15: 11090 | C15: 0.4567 | D15: =ROUND(B15*C15,2) -> 5064.8 | E15: TNB-KPJU-MAIN-01
A16: 45962 | B16: 10610 | C16: 0.4576 | D16: =ROUND(B16*C16,2) -> 4855.14 | E16: TNB-KPJU-MAIN-01 | F16: Monsoon season — lower AC load
A17: 45992 | B17: 10250 | C17: 0.4585 | D17: =ROUND(B17*C17,2) -> 4699.63 | E17: TNB-KPJU-MAIN-01 | F17: Monsoon season — lower AC load
A18: 46023 | B18: 10850 | C18: 0.4594 | D18: =ROUND(B18*C18,2) -> 4984.49 | E18: TNB-KPJU-MAIN-01 | F18: Monsoon season — lower AC load
A19: 46054 | B19: 12660 | C19: 0.4603 | D19: =ROUND(B19*C19,2) -> 5827.4 | E19: TNB-KPJU-MAIN-01
A20: 46082 | B20: 15340 | C20: 0.4612 | D20: =ROUND(B20*C20,2) -> 7074.81 | E20: TNB-KPJU-MAIN-01 | F20: Hot season — AC load elevated
A21: 46113 | B21: 15740 | C21: 0.4621 | D21: =ROUND(B21*C21,2) -> 7273.45 | E21: TNB-KPJU-MAIN-01 | F21: Hot season — AC load elevated
A22: 46143 | B22: 15340 | C22: 0.463 | D22: =ROUND(B22*C22,2) -> 7102.42 | E22: TNB-KPJU-MAIN-01 | F22: Hot season — AC load elevated
A23: 46174 | B23: 14000 | C23: 0.4639 | D23: =ROUND(B23*C23,2) -> 6494.6 | E23: TNB-KPJU-MAIN-01
A24: 46204 | B24: 13340 | C24: 0.4648 | D24: =ROUND(B24*C24,2) -> 6200.43 | E24: TNB-KPJU-MAIN-01
A25: 46235 | B25: 13340 | C25: 0.4657 | D25: =ROUND(B25*C25,2) -> 6212.44 | E25: TNB-KPJU-MAIN-01

Sheet Raw - Paper
A1: Date | B1: Semester | C1: Exam_Type | D1: Course | E1: Reams_Printed | F1: Sheets | G1: Notes
A2: 45550 | B2: Semester 1, 2024/2025 | C2: Mid-term | D2: PHIA 4312 — Instrumentation Analysis | E2: 3.7 | F2: =E2*500 -> 1850 | G2: Lab-heavy course, more printed protocols
A3: 45550 | B3: Semester 1, 2024/2025 | C3: Mid-term | D3: PHCH 4123 — Pharmaceutical Chemistry II | E3: 2.6 | F3: =E3*500 -> 1300
A4: 45550 | B4: Semester 1, 2024/2025 | C4: Mid-term | D4: Other School of Pharmacy courses (aggregate) | E4: 30.9 | F4: =E4*500 -> 15450 | G4: Remaining cohorts, aggregated
A5: 45708 | B5: Semester 1, 2024/2025 | C5: Final | D5: PHIA 4312 — Instrumentation Analysis | E5: 4.6 | F5: =E5*500 -> 2300 | G5: Lab-heavy course, more printed protocols
A6: 45708 | B6: Semester 1, 2024/2025 | C6: Final | D6: PHCH 4123 — Pharmaceutical Chemistry II | E6: 3.2 | F6: =E6*500 -> 1600
A7: 45708 | B7: Semester 1, 2024/2025 | C7: Final | D7: Other School of Pharmacy courses (aggregate) | E7: 37.8 | F7: =E7*500 -> 18900 | G7: Remaining cohorts, aggregated
A8: 45731 | B8: Semester 2, 2024/2025 | C8: Mid-term | D8: PHIA 4312 — Instrumentation Analysis | E8: 4.3 | F8: =E8*500 -> 2150 | G8: Lab-heavy course, more printed protocols
A9: 45731 | B9: Semester 2, 2024/2025 | C9: Mid-term | D9: PHCH 4123 — Pharmaceutical Chemistry II | E9: 3 | F9: =E9*500 -> 1500
A10: 45731 | B10: Semester 2, 2024/2025 | C10: Mid-term | D10: Other School of Pharmacy courses (aggregate) | E10: 35.6 | F10: =E10*500 -> 17800 | G10: Remaining cohorts, aggregated
A11: 45889 | B11: Semester 2, 2024/2025 | C11: Final | D11: PHIA 4312 — Instrumentation Analysis | E11: 5.2 | F11: =E11*500 -> 2600 | G11: Lab-heavy course, more printed protocols
A12: 45889 | B12: Semester 2, 2024/2025 | C12: Final | D12: PHCH 4123 — Pharmaceutical Chemistry II | E12: 3.7 | F12: =E12*500 -> 1850
A13: 45889 | B13: Semester 2, 2024/2025 | C13: Final | D13: Other School of Pharmacy courses (aggregate) | E13: 43.5 | F13: =E13*500 -> 21750 | G13: Remaining cohorts, aggregated
A14: 45915 | B14: Semester 1, 2025/2026 | C14: Mid-term | D14: PHIA 4312 — Instrumentation Analysis | E14: 4.9 | F14: =E14*500 -> 2450 | G14: Lab-heavy course, more printed protocols
A15: 45915 | B15: Semester 1, 2025/2026 | C15: Mid-term | D15: PHCH 4123 — Pharmaceutical Chemistry II | E15: 3.4 | F15: =E15*500 -> 1700
A16: 45915 | B16: Semester 1, 2025/2026 | C16: Mid-term | D16: Other School of Pharmacy courses (aggregate) | E16: 40.4 | F16: =E16*500 -> 20200 | G16: Remaining cohorts, aggregated
A17: 46073 | B17: Semester 1, 2025/2026 | C17: Final | D17: PHIA 4312 — Instrumentation Analysis | E17: 6 | F17: =E17*500 -> 3000 | G17: Lab-heavy course, more printed protocols
A18: 46073 | B18: Semester 1, 2025/2026 | C18: Final | D18: PHCH 4123 — Pharmaceutical Chemistry II | E18: 4.2 | F18: =E18*500 -> 2100
A19: 46073 | B19: Semester 1, 2025/2026 | C19: Final | D19: Other School of Pharmacy courses (aggregate) | E19: 49.4 | F19: =E19*500 -> 24700 | G19: Remaining cohorts, aggregated
A20: 46096 | B20: Semester 2, 2025/2026 | C20: Mid-term | D20: PHIA 4312 — Instrumentation Analysis | E20: 5.5 | F20: =E20*500 -> 2750 | G20: Lab-heavy course, more printed protocols
A21: 46096 | B21: Semester 2, 2025/2026 | C21: Mid-term | D21: PHCH 4123 — Pharmaceutical Chemistry II | E21: 3.8 | F21: =E21*500 -> 1900
A22: 46096 | B22: Semester 2, 2025/2026 | C22: Mid-term | D22: Other School of Pharmacy courses (aggregate) | E22: 45.5 | F22: =E22*500 -> 22750 | G22: Remaining cohorts, aggregated
A23: 46254 | B23: Semester 2, 2025/2026 | C23: Final | D23: PHIA 4312 — Instrumentation Analysis | E23: 6.7 | F23: =E23*500 -> 3350 | G23: Lab-heavy course, more printed protocols
A24: 46254 | B24: Semester 2, 2025/2026 | C24: Final | D24: PHCH 4123 — Pharmaceutical Chemistry II | E24: 4.7 | F24: =E24*500 -> 2350
A25: 46254 | B25: Semester 2, 2025/2026 | C25: Final | D25: Other School of Pharmacy courses (aggregate) | E25: 55.7 | F25: =E25*500 -> 27850 | G25: Remaining cohorts, aggregated

Sheet Headcount
A1: Semester | B1: Registered_Students | C1: Source | D1: Date_Recorded | E1: Notes
A2: Semester 1, 2024/2025 | B2: 1150 | C2: Registrar / Programme Office | D2: 45536 | E2: Baseline period — first full semester of tracking
A3: Semester 2, 2024/2025 | B3: 1190 | C3: Registrar / Programme Office | D3: 45717 | E3: Hot-season months drove higher AC load
A4: Semester 1, 2025/2026 | B4: 1230 | C4: Registrar / Programme Office | D4: 45901 | E4: New instrumentation lab equipment commissioned mid-semester
A5: Semester 2, 2025/2026 | B5: 1270 | C5: Registrar / Programme Office | D5: 46082 | E5: Consecutive hot-season semester — highest usage on record

Sheet Targets
A1: Metric | B1: Target (per student, per semester)
A2: Electricity (kWh/student) | B2: 42
A3: Paper (sheets/student) | B3: 30
A5: Note: these targets match the values hardcoded in the Jejak Hijau KPJU dashboard (jejak_hijau_kpju.html). Update both places together if targets change. These are the baseline thresholds the reduction strategy will be measured against.

Sheet Read Me
A1: Jejak Hijau KPJU — Dummy Dataset (2-Year Historical Simulation)
A3: • This is still placeholder/dummy data — no real KPJU figures are in this workbook. It's built to look and behave like two years of genuinely tracked data (Sep 2024 - Aug 2026), so the dashboard and the eventual reduction-strategy narrative can be developed and tested before real data exists.
A4: • Structure: 'Semester Data' (what the dashboard reads) no longer contains typed-in numbers for kwh, cost_rm or sheets — those are FORMULAS that aggregate from three raw tabs: 'Raw - Electricity' (24 monthly meter-style readings), 'Raw - Paper' (exam-cycle-level records by course), and 'Headcount' (per-semester registrar figures). This mirrors how the real pilot data will actually be assembled once collection starts.
A5: • Scenario: consistent with the earlier gap analysis, KPJU is modeled as over target and worsening on both electricity and paper intensity across all 4 semesters, with plausible seasonal variation (higher electricity in Malaysia's hotter Feb-May months) and named drivers (e.g. new instrumentation lab equipment in Semester 1 2025/2026) that a reduction strategy could plausibly target.
A6: • 'Semester Data' must remain the FIRST sheet (leftmost tab) — the dashboard's upload/link-load only reads the first sheet in the workbook.
A7: • IMPORTANT: never add explanatory notes, comments, or extra text as a row below the data table on 'Semester Data' — the dashboard reads every row with content in it as a data row, so a trailing note gets misread as a bogus semester and corrupts the chart. Put any explanation here, in Read Me, instead.
A8: • GET (Green Electricity Tariff) enrollment is assumed NOT active in this dummy scenario — the 'Raw - Electricity' tariff rate reflects a standard commercial rate, not a green tariff. This is itself a candidate for the reduction strategy (Group precedent: 25 accounts already GET-enrolled).
A9: • Targets sheet mirrors the dashboard's hardcoded targets (42 kWh/student, 30 sheets/student per semester) and is the baseline the ensuing reduction strategy will be measured against.
A10: • Next step: once real data collection starts, the raw tabs are what actually get replaced first (real meter readings, real exam-cycle reams, real registrar headcounts) — the Semester Data formulas then flow through automatically without needing to be rebuilt.
